name	probe_name	x	y	z	hemisphere	impedance	shank_id	location
e000	spikegadgets_mcu	n/a	n/a	n/a	n/a	n/a	probe0	CA1
e001	spikegadgets_mcu	n/a	n/a	n/a	n/a	n/a	probe0	CA1
e002	spikegadgets_mcu	n/a	n/a	n/a	n/a	n/a	probe0	CA1
e003	spikegadgets_mcu	n/a	n/a	n/a	n/a	n/a	probe0	CA1
e004	spikegadgets_mcu	n/a	n/a	n/a	n/a	n/a	probe0	CA1
e005	spikegadgets_mcu	n/a	n/a	n/a	n/a	n/a	probe0	CA1
e006	spikegadgets_mcu	n/a	n/a	n/a	n/a	n/a	probe0	CA1
e007	spikegadgets_mcu	n/a	n/a	n/a	n/a	n/a	probe0	CA1
e008	spikegadgets_mcu	n/a	n/a	n/a	n/a	n/a	probe0	CA1
e009	spikegadgets_mcu	n/a	n/a	n/a	n/a	n/a	probe0	CA1
e010	spikegadgets_mcu	n/a	n/a	n/a	n/a	n/a	probe0	CA1
e011	spikegadgets_mcu	n/a	n/a	n/a	n/a	n/a	probe0	CA1
e012	spikegadgets_mcu	n/a	n/a	n/a	n/a	n/a	probe0	CA1
e013	spikegadgets_mcu	n/a	n/a	n/a	n/a	n/a	probe0	CA1
e014	spikegadgets_mcu	n/a	n/a	n/a	n/a	n/a	probe0	CA1
e015	spikegadgets_mcu	n/a	n/a	n/a	n/a	n/a	probe0	CA1
e016	spikegadgets_mcu	n/a	n/a	n/a	n/a	n/a	probe0	CA1
e017	spikegadgets_mcu	n/a	n/a	n/a	n/a	n/a	probe0	CA1
e018	spikegadgets_mcu	n/a	n/a	n/a	n/a	n/a	probe0	CA1
e019	spikegadgets_mcu	n/a	n/a	n/a	n/a	n/a	probe0	CA1
e020	spikegadgets_mcu	n/a	n/a	n/a	n/a	n/a	probe0	CA1
e021	spikegadgets_mcu	n/a	n/a	n/a	n/a	n/a	probe0	CA1
e022	spikegadgets_mcu	n/a	n/a	n/a	n/a	n/a	probe0	CA1
e023	spikegadgets_mcu	n/a	n/a	n/a	n/a	n/a	probe0	CA1
e024	spikegadgets_mcu	n/a	n/a	n/a	n/a	n/a	probe0	CA1
e025	spikegadgets_mcu	n/a	n/a	n/a	n/a	n/a	probe0	CA1
e026	spikegadgets_mcu	n/a	n/a	n/a	n/a	n/a	probe0	CA1
e027	spikegadgets_mcu	n/a	n/a	n/a	n/a	n/a	probe0	CA1
e028	spikegadgets_mcu	n/a	n/a	n/a	n/a	n/a	probe0	CA1
e029	spikegadgets_mcu	n/a	n/a	n/a	n/a	n/a	probe0	CA1
e030	spikegadgets_mcu	n/a	n/a	n/a	n/a	n/a	probe0	CA1
e031	spikegadgets_mcu	n/a	n/a	n/a	n/a	n/a	probe0	CA1
e032	spikegadgets_mcu	n/a	n/a	n/a	n/a	n/a	probe0	CA1
e033	spikegadgets_mcu	n/a	n/a	n/a	n/a	n/a	probe0	CA1
e034	spikegadgets_mcu	n/a	n/a	n/a	n/a	n/a	probe0	CA1
e035	spikegadgets_mcu	n/a	n/a	n/a	n/a	n/a	probe0	CA1
e036	spikegadgets_mcu	n/a	n/a	n/a	n/a	n/a	probe0	CA1
e037	spikegadgets_mcu	n/a	n/a	n/a	n/a	n/a	probe0	CA1
e038	spikegadgets_mcu	n/a	n/a	n/a	n/a	n/a	probe0	CA1
e039	spikegadgets_mcu	n/a	n/a	n/a	n/a	n/a	probe0	CA1
e040	spikegadgets_mcu	n/a	n/a	n/a	n/a	n/a	probe0	CA1
e041	spikegadgets_mcu	n/a	n/a	n/a	n/a	n/a	probe0	CA1
e042	spikegadgets_mcu	n/a	n/a	n/a	n/a	n/a	probe0	CA1
e043	spikegadgets_mcu	n/a	n/a	n/a	n/a	n/a	probe0	CA1
e044	spikegadgets_mcu	n/a	n/a	n/a	n/a	n/a	probe0	CA1
e045	spikegadgets_mcu	n/a	n/a	n/a	n/a	n/a	probe0	CA1
e046	spikegadgets_mcu	n/a	n/a	n/a	n/a	n/a	probe0	CA1
e047	spikegadgets_mcu	n/a	n/a	n/a	n/a	n/a	probe0	CA1
e048	spikegadgets_mcu	n/a	n/a	n/a	n/a	n/a	probe0	CA1
e049	spikegadgets_mcu	n/a	n/a	n/a	n/a	n/a	probe0	CA1
e050	spikegadgets_mcu	n/a	n/a	n/a	n/a	n/a	probe0	CA1
e051	spikegadgets_mcu	n/a	n/a	n/a	n/a	n/a	probe0	CA1
e052	spikegadgets_mcu	n/a	n/a	n/a	n/a	n/a	probe0	CA1
e053	spikegadgets_mcu	n/a	n/a	n/a	n/a	n/a	probe0	CA1
e054	spikegadgets_mcu	n/a	n/a	n/a	n/a	n/a	probe0	CA1
e055	spikegadgets_mcu	n/a	n/a	n/a	n/a	n/a	probe0	CA1
e056	spikegadgets_mcu	n/a	n/a	n/a	n/a	n/a	probe0	CA1
e057	spikegadgets_mcu	n/a	n/a	n/a	n/a	n/a	probe0	CA1
e058	spikegadgets_mcu	n/a	n/a	n/a	n/a	n/a	probe0	CA1
e059	spikegadgets_mcu	n/a	n/a	n/a	n/a	n/a	probe0	CA1
e060	spikegadgets_mcu	n/a	n/a	n/a	n/a	n/a	probe0	CA1
e061	spikegadgets_mcu	n/a	n/a	n/a	n/a	n/a	probe0	CA1
e062	spikegadgets_mcu	n/a	n/a	n/a	n/a	n/a	probe0	CA1
e063	spikegadgets_mcu	n/a	n/a	n/a	n/a	n/a	probe0	CA1
e064	spikegadgets_mcu	n/a	n/a	n/a	n/a	n/a	probe1	PFC
e065	spikegadgets_mcu	n/a	n/a	n/a	n/a	n/a	probe1	PFC
e066	spikegadgets_mcu	n/a	n/a	n/a	n/a	n/a	probe1	PFC
e067	spikegadgets_mcu	n/a	n/a	n/a	n/a	n/a	probe1	PFC
e068	spikegadgets_mcu	n/a	n/a	n/a	n/a	n/a	probe1	PFC
e069	spikegadgets_mcu	n/a	n/a	n/a	n/a	n/a	probe1	PFC
e070	spikegadgets_mcu	n/a	n/a	n/a	n/a	n/a	probe1	PFC
e071	spikegadgets_mcu	n/a	n/a	n/a	n/a	n/a	probe1	PFC
e072	spikegadgets_mcu	n/a	n/a	n/a	n/a	n/a	probe1	PFC
e073	spikegadgets_mcu	n/a	n/a	n/a	n/a	n/a	probe1	PFC
e074	spikegadgets_mcu	n/a	n/a	n/a	n/a	n/a	probe1	PFC
e075	spikegadgets_mcu	n/a	n/a	n/a	n/a	n/a	probe1	PFC
e076	spikegadgets_mcu	n/a	n/a	n/a	n/a	n/a	probe1	PFC
e077	spikegadgets_mcu	n/a	n/a	n/a	n/a	n/a	probe1	PFC
e078	spikegadgets_mcu	n/a	n/a	n/a	n/a	n/a	probe1	PFC
e079	spikegadgets_mcu	n/a	n/a	n/a	n/a	n/a	probe1	PFC
e080	spikegadgets_mcu	n/a	n/a	n/a	n/a	n/a	probe1	PFC
e081	spikegadgets_mcu	n/a	n/a	n/a	n/a	n/a	probe1	PFC
e082	spikegadgets_mcu	n/a	n/a	n/a	n/a	n/a	probe1	PFC
e083	spikegadgets_mcu	n/a	n/a	n/a	n/a	n/a	probe1	PFC
e084	spikegadgets_mcu	n/a	n/a	n/a	n/a	n/a	probe1	PFC
e085	spikegadgets_mcu	n/a	n/a	n/a	n/a	n/a	probe1	PFC
e086	spikegadgets_mcu	n/a	n/a	n/a	n/a	n/a	probe1	PFC
e087	spikegadgets_mcu	n/a	n/a	n/a	n/a	n/a	probe1	PFC
e088	spikegadgets_mcu	n/a	n/a	n/a	n/a	n/a	probe1	PFC
e089	spikegadgets_mcu	n/a	n/a	n/a	n/a	n/a	probe1	PFC
e090	spikegadgets_mcu	n/a	n/a	n/a	n/a	n/a	probe1	PFC
e091	spikegadgets_mcu	n/a	n/a	n/a	n/a	n/a	probe1	PFC
e092	spikegadgets_mcu	n/a	n/a	n/a	n/a	n/a	probe1	PFC
e093	spikegadgets_mcu	n/a	n/a	n/a	n/a	n/a	probe1	PFC
e094	spikegadgets_mcu	n/a	n/a	n/a	n/a	n/a	probe1	PFC
e095	spikegadgets_mcu	n/a	n/a	n/a	n/a	n/a	probe1	PFC
e096	spikegadgets_mcu	n/a	n/a	n/a	n/a	n/a	probe1	PFC
e097	spikegadgets_mcu	n/a	n/a	n/a	n/a	n/a	probe1	PFC
e098	spikegadgets_mcu	n/a	n/a	n/a	n/a	n/a	probe1	PFC
e099	spikegadgets_mcu	n/a	n/a	n/a	n/a	n/a	probe1	PFC
e100	spikegadgets_mcu	n/a	n/a	n/a	n/a	n/a	probe1	PFC
e101	spikegadgets_mcu	n/a	n/a	n/a	n/a	n/a	probe1	PFC
e102	spikegadgets_mcu	n/a	n/a	n/a	n/a	n/a	probe1	PFC
e103	spikegadgets_mcu	n/a	n/a	n/a	n/a	n/a	probe1	PFC
e104	spikegadgets_mcu	n/a	n/a	n/a	n/a	n/a	probe1	PFC
e105	spikegadgets_mcu	n/a	n/a	n/a	n/a	n/a	probe1	PFC
e106	spikegadgets_mcu	n/a	n/a	n/a	n/a	n/a	probe1	PFC
e107	spikegadgets_mcu	n/a	n/a	n/a	n/a	n/a	probe1	PFC
e108	spikegadgets_mcu	n/a	n/a	n/a	n/a	n/a	probe1	PFC
e109	spikegadgets_mcu	n/a	n/a	n/a	n/a	n/a	probe1	PFC
e110	spikegadgets_mcu	n/a	n/a	n/a	n/a	n/a	probe1	PFC
e111	spikegadgets_mcu	n/a	n/a	n/a	n/a	n/a	probe1	PFC
e112	spikegadgets_mcu	n/a	n/a	n/a	n/a	n/a	probe1	PFC
e113	spikegadgets_mcu	n/a	n/a	n/a	n/a	n/a	probe1	PFC
e114	spikegadgets_mcu	n/a	n/a	n/a	n/a	n/a	probe1	PFC
e115	spikegadgets_mcu	n/a	n/a	n/a	n/a	n/a	probe1	PFC
e116	spikegadgets_mcu	n/a	n/a	n/a	n/a	n/a	probe1	PFC
e117	spikegadgets_mcu	n/a	n/a	n/a	n/a	n/a	probe1	PFC
e118	spikegadgets_mcu	n/a	n/a	n/a	n/a	n/a	probe1	PFC
e119	spikegadgets_mcu	n/a	n/a	n/a	n/a	n/a	probe1	PFC
e120	spikegadgets_mcu	n/a	n/a	n/a	n/a	n/a	probe1	PFC
e121	spikegadgets_mcu	n/a	n/a	n/a	n/a	n/a	probe1	PFC
e122	spikegadgets_mcu	n/a	n/a	n/a	n/a	n/a	probe1	PFC
e123	spikegadgets_mcu	n/a	n/a	n/a	n/a	n/a	probe1	PFC
e124	spikegadgets_mcu	n/a	n/a	n/a	n/a	n/a	probe1	PFC
e125	spikegadgets_mcu	n/a	n/a	n/a	n/a	n/a	probe1	PFC
e126	spikegadgets_mcu	n/a	n/a	n/a	n/a	n/a	probe1	PFC
e127	spikegadgets_mcu	n/a	n/a	n/a	n/a	n/a	probe1	PFC
